{
    "2stim_3xTBS": [
        1.3238848976509345,
        1.242602329125807,
        1.2397219666024277,
        1.2401135869492024,
        1.239815266478484
    ],
    "5stim_3xTBS": [
        1.2751707423359144,
        1.1962468689134493,
        1.1946148252162854,
        1.1962327421413983,
        1.1976825148484334
    ],
    "5stim_3xTBS_IClamp": [
        1.4307917949865758,
        1.3773025210217857,
        1.380026448170158,
        1.381102460261974,
        1.3810969324976277
    ],
    "5stim_3xTBS_VClamp": [
        1.2660127966666017,
        1.1937353696124502,
        1.1893380885474059,
        1.1918375360733022,
        1.1934123170192261
    ]
}