{
    "2stim_3xTBS": {
        "00": {
            "avg": 1.1861220837006654,
            "std": 0.024523776187362137,
            "sem": 0.002002357940841797
        },
        "01": {
            "avg": 1.1483796557663375,
            "std": 0.046604393512331636,
            "sem": 0.003805232795902908
        },
        "02": {
            "avg": 1.1494155892370526,
            "std": 0.06311276849342146,
            "sem": 0.005153135968776173
        },
        "03": {
            "avg": 1.1448805045463155,
            "std": 0.053454863252890096,
            "sem": 0.004364571307994391
        },
        "04": {
            "avg": 1.1493356047220074,
            "std": 0.0564950068227814,
            "sem": 0.004612797991028957
        }
    },
    "5stim_3xTBS": {
        "00": {
            "avg": 1.5269016407422065,
            "std": 0.12616544240670952,
            "sem": 0.010301365235631226
        },
        "01": {
            "avg": 1.5932106415908518,
            "std": 0.1274182278378213,
            "sem": 0.01040365473774511
        },
        "02": {
            "avg": 1.5894184949842471,
            "std": 0.1272772657948674,
            "sem": 0.010392145235133864
        },
        "03": {
            "avg": 1.5918060385899386,
            "std": 0.1312465964034867,
            "sem": 0.01071623972218481
        },
        "04": {
            "avg": 1.5308617704676681,
            "std": 0.14989668285330687,
            "sem": 0.012239012904213276
        }
    },
    "5stim_3xTBS_IClamp": {
        "00": {
            "avg": 1.6005763032214815,
            "std": 0.10841582076635149,
            "sem": 0.008852114697419915
        },
        "01": {
            "avg": 1.6170126977342294,
            "std": 0.10956096240078952,
            "sem": 0.008945615120339579
        },
        "02": {
            "avg": 1.6008395912970856,
            "std": 0.1229642014647107,
            "sem": 0.010039985007244437
        },
        "03": {
            "avg": 1.604924306977445,
            "std": 0.11335418798449766,
            "sem": 0.009255330692318106
        },
        "04": {
            "avg": 1.622847373430614,
            "std": 0.09845615803041934,
            "sem": 0.008038911640311727
        }
    },
    "5stim_3xTBS_VClamp": {
        "00": {
            "avg": 1.6311618160686092,
            "std": 0.1255243917582817,
            "sem": 0.010249023669366945
        },
        "01": {
            "avg": 1.5236911748425526,
            "std": 0.12807313387026553,
            "sem": 0.010457127591377076
        },
        "02": {
            "avg": 1.5264386986882186,
            "std": 0.13615138429729526,
            "sem": 0.011116713976731847
        },
        "03": {
            "avg": 1.506928849065211,
            "std": 0.12633133626994753,
            "sem": 0.010314910412844299
        },
        "04": {
            "avg": 1.5392394691864304,
            "std": 0.12046889615035859,
            "sem": 0.00983624418149051
        }
    }
}