{
    "2_synapses_distal": [
        1.0,
        1.0,
        1.0,
        1.0,
        1.0
    ],
    "3_synapses_distal": [
        1.1849021701800473,
        1.1856923473517884,
        1.1863180593638207,
        1.1861563957489234,
        1.1861900693820828
    ],
    "4_synapses_distal": [
        1.1869463326174172,
        1.1872104542402706,
        1.1874682633559184,
        1.1874139657987193,
        1.187407171450264
    ],
    "8_synapses_distal": [
        1.188093923976285,
        1.1881604189069923,
        1.1883360102402776,
        1.1883240745825772,
        1.188291669675553
    ]
}